alpha,beta,r_squared
-0.00016948496199147253,1.3494428750266756,0.629623569438347
